{
  "teamColor": {
    "red": 0.0,
    "green": 0.0,
    "blue": 1.0,
    "opacity": 1.0
  },
  "position": {
    "x": 3334.1891777503065,
    "y": 3866.3948324558173,
    "hash": 0
  }
}