{
  "teamColor": {
    "red": 1.0,
    "green": 1.0,
    "blue": 0.0,
    "opacity": 1.0
  },
  "position": {
    "x": 0.2574652987530147,
    "y": 0.30902083216052356,
    "hash": 0
  }
}