{
  "teamColor": {
    "red": 0.0,
    "green": 0.0,
    "blue": 1.0,
    "opacity": 1.0
  },
  "position": {
    "x": 3712.553287328245,
    "y": 2044.3708491847717,
    "hash": 0
  }
}