{
  "zoom": -1000.0,
  "yaw": -133.76305764913545,
  "pitch": 52.199999999999996,
  "location": {
    "x": 0.0,
    "y": 200.0,
    "z": 0.0,
    "hash": 0
  }
}