{
  "zoom": -640.0,
  "yaw": 106.39999999999988,
  "pitch": 4.199999999999999,
  "location": {
    "x": 0.0,
    "y": 200.0,
    "z": 0.0,
    "hash": 0
  }
}