{
  "zoom": -360.0,
  "yaw": 195.64999389648438,
  "pitch": 10.850000381469727,
  "location": {
    "x": 0.0,
    "y": 0.0,
    "z": 0.0,
    "hash": 0
  },
  "identifier": ""
}