{
  "teamColor": {
    "red": 0.0,
    "green": 0.0,
    "blue": 1.0,
    "opacity": 1.0
  },
  "position": {
    "x": 855.2031097528547,
    "y": 287.0855682642359,
    "hash": 0
  }
}