{
  "teamColor": {
    "red": 0.0,
    "green": 0.0,
    "blue": 1.0,
    "opacity": 1.0
  },
  "position": {
    "x": 3164.6087126002635,
    "y": 720.2209315979183,
    "hash": 0
  }
}