{
  "teamColor": {
    "red": 0.5019608,
    "green": 0.0,
    "blue": 0.5019608,
    "opacity": 1.0
  },
  "position": {
    "x": 23123.0,
    "y": 33333.0,
    "hash": 0
  }
}