{
  "zoom": -700.0,
  "yaw": -18.549999237060547,
  "pitch": 56.900001525878906,
  "location": {
    "x": 0.0,
    "y": 200.0,
    "z": 0.0,
    "hash": 0
  },
  "identifier": ""
}