{
  "zoom": -420.0,
  "yaw": 2.1000008583068848,
  "pitch": 18.400001525878906,
  "location": {
    "x": 0.0,
    "y": 200.0,
    "z": 0.0,
    "hash": 0
  },
  "identifier": ""
}